Revenue (d2);Labor (l1);Variable Cost (n2a, n2e, n2f, n2b);Investment in new capital (n5a, n5b);Raw Materials Cost (n2e)
15000000000;50;11000000000;1500000000;7000000000
15000000000;6;14600000000;11000000000;13000000000
15000000000;5;235000000;0;
15000000000;12;630000000;0;
15000000000;140;6500000000;2500000000;
15000000000;34;13800000000;1000000000;11000000000
15000000000;80;12600000000;2000000000;10000000000
15000000000;10;10900000000;800000000;10000000000
15000000000;90;10150000000;200;9000000000
15000000000;100;12928000000;4000000000;10000000000
15000000000;105;12870000000;0;10000000000
15000000000;26;12500000000;500000000;9000000000
15000000000;300;11140000000;870000000;3000000000
15000000000;14;1114000000;0;0
15000000000;10;12423000000;0;12000000000
15000000000;12;10500000000;10000000000;6000000000
15000000000;17;11630000000;0;10000000000
15000000000;25;11755000000;150000000;10000000000
15000000000;8;436000000;100000000;
15000000000;18;9250000000;0;9000000000
15000000000;10;432000000;0;
15000000000;15;1092000000;Test;
15000000000;125;6200000000;0;
15000000000;25;12860000000;0;9750000000
15000000000;10;2336000000;0;650000000
15000000000;18;12000000000;400000000;0
15000000000;19;6480000000;0;4500000000
15000000000;40;2420000000;3700000000;320000000
15000000000;70;1820000000;1500000000;
15000000000;12;786000000;115000000;
15000000000;10;3000000000;1000000000;
15000000000;15;1000000000;0;
15000000000;20;2100000000;0;
15000000000;100;6140000000;150000000;1000000000
15000000000;25;11800000000;6000000000;11000000000
15000000000;100;11700000000;350000000;6500000000
15000000000;25;2500000000;700000000;
15000000000;2;223000000;0;
15000000512;16;13640599744;550000000;13331999744
15000000512;302;12088000512;0;9041000448
15000000512;11;14385999616;12000000;14149999616
15000000512;70;14427999744;3000000000;13507999744
15000000512;267;11504000000;100000000;8734000128
15000000512;120;9818999808;1000000000;8659999744
15000000512;80;14399999872;6200000000;13649999872
15000000512;90;2168000000;1700000000;1040000000
15000000512;70;11200000000;470000000;10000000000
15025000448;60;12866000000;0;11424000000
15047999488;100;13175000320;418000000;10906000384
15173999616;175;5885000192;2241999872;1095000064
15178000384;138;11597000320;0;10099000320
15203999744;204;13532999680;2932999936;10732999680
15226999808;180;12606999552;420000000;9806999552
15251999744;38;12198000192;0;11525000192
15301000192;102;11849000448;306000000;10136000512
15399999488;108;9733999744;3000000000;8899999744
15443000320;95;12383000064;0;10078000128
15457999872;100;11539000064;0;10256000000
15500000000;200;15050000000;0;9000000000
15564999680;186;10840000000;310000000;8590000128
15720000000;21;10131500000;600000000;9190000000
15770999808;280;13004999936;2304000000;10432000000
15795000320;163;13214000000;0;11840000000
15992999936;40;10767999488;960000000;9662999552
16000000000;50;8350000000;4330545000;4000000000
16000000000;20;984000000;700000000;
16000000000;400;10040000000;0;0
16000000000;6;0;2000000000;
16000000000;50;3600000000;5200000000;
16000000000;40;14640000000;0;12000000000
16000000000;25;15500000000;0;14000000000
16000000000;60;15170000000;1800000000;11000000000
16000000000;23;9270000000;400000000;7600000000
16000000000;250;14330000000;4500000000;250000000
16000000000;50;11500000000;1500000000;5000000000
16000000000;25;4000000000;1000000000;
16000000000;350;12405000000;250000000;2000000000
16000000000;380;12300000000;720000000;3000000000
16000000000;209;17549000192;5859999744;14540000256
16000000000;80;14702999552;700000000;13022999552
16072999936;50;15471000192;0;14373000192
16145999872;246;11952999936;4625999872;7529999872
16170664820;270;10315498293;0;6420330375
16254000128;132;10785999872;1870000000;9224999936
16279000064;181;15686999552;0;13646999552
16419999744;80;14828000256;400000000;14012000256
16919000064;107;12951000064;1900000000;10670000128
16967999488;260;13584999424;2600000000;8999999488
16999999488;170;15484999936;2500000000;13760000000
16999999488;69;7739999872;0;6073999872
17000000000;500;12150000000;7000000000;8000000000
17000000000;260;13700000000;10700000000;6000000000
17000000000;11;17700000000;160000000;15000000000
17000000000;95;16000000000;300000080;9000000000
17000000000;110;7700000000;800000000;2500000000
17000000000;20;1500000000;18000000000;
17000000000;50;17170000000;9700000000;14400000000
17025999872;72;13954999808;400000000;12666999808
17104000000;85;14683999744;0;13811999744
17128999936;270;15327000064;0;12856999936
17150000000;250;2980000000;0;500000000
17287999488;124;16180000256;175000000;12460000256
17340000000;80;9720000000;0;8670000000
17490999296;40;17238000384;580000000;16538000384
17500000000;30;13500000000;3500000000;10500000000
17610000384;203;13400999680;0;10565999616
17650000000;20;173000000;500000000;
17999998976;107;10700000256;0;8700000256
17999998976;115;14184000512;0;12600000512
17999998976;150;15300000000;600000000;12800000000
17999998976;160;12903999488;8400000000;10599999488
18000000000;40;24000000000;0;15000000000
18000000000;101;8000000000;544000000;3000000000
18000000000;50;1000000000;300000000;
18000000000;100;14590000000;2700000000;11000000000
18000000000;19;669000000;0;
18000000000;400;7070000000;0;2000000000
18000000000;150;10500000000;1200000000;6000000000
18000000000;170;13800000000;500000000;9000000000
18000000000;7;2070000000;60000000000;
18000000000;5;317000000;0;
18000000000;27;3000000000;0;
18000000000;70;7500000000;0;4320000000
18000000000;36;25000000000;0;5000000000
18000000000;120;5472000000;0;0
18000000000;23;0;0;
18000000000;200;0;300000000;0
18000000000;490;13840000000;1300000000;1200000000
18102999040;127;16639999872;921000000;15729999872
18161999872;85;15500000128;8999999488;13950000128
18218999808;217;16077000448;1040000000;14193000448
18432000000;518;13730999808;2488000064;1512000000
18499999744;100;13249000448;2500000000;10609000448
18499999744;150;16236999552;756000000;14766999552
18500000000;19;2350000000;2000000000;
18500000000;50;4770000000;100000000;600000000
18500000000;88;13600000000;0;7000000000
18500000000;40;3500000000;600000000;
18600000000;80;16000000000;1100000000;13000000000
18739315000;180;165600000;10000000;
19000000000;700;14440000000;0;800000000
19000000000;25;11560000000;3500000000;10000000000
19000000000;40;13332000000;0;12000000000
19000000000;35;13000000000;0;6000000000
19000000000;12;300000000;0;
19000000000;30;17000000000;5000000000;13000000000
19000000000;14;2500000000;0;
19000000000;22;3230000000;0;
19000000512;40;12300000512;1300000000;11800000512
19000000512;60;17017000128;950000000;16078000128
19000000512;530;17249999872;7500000000;10549999616
19000000512;182;15926000128;4250000128;12620000256
19100000256;48;15950000000;770000000;15200000000
19160000000;86;12900000000;200000000;7600000000
19200000000;8;408000000;100000000;
19217268736;731;13958799360;1140480000;4805250048
19256000512;120;15188000256;2610000000;12348000256
19300000000;110;20930000000;735000000;18400000000
19340000000;42;17489000000;2765000000;12480000000
19399999488;140;15600000000;8299999744;14000000000
19424000000;72;16188000064;1286000000;15143000064
19599998976;1100;23852999680;11000000512;10853000192
19683000320;285;19208000000;0;15191000064
19800000000;400;9280000000;0;1000000000
20000000000;500;2240000000;4000000000;1240000000
20000000000;6;545000000;0;250000000
20000000000;1670;13480000000;2000000000;0
20000000000;50;19400000000;0;16000000000
20000000000;145;10900000000;0;
20000000000;50;18864000000;1200000000;18000000000
20000000000;75;12550000128;180000000;10750000128
20000000000;20;1025000000;0;0
20000000000;272;2700000000;10000000000;1000000000
20000000000;70;16840000000;600000000;12000000000
20000000000;15;600000000;0;
20000000000;15;10584000000;8500000000;9600000000
20000000000;20;2955000000;800000000;801000000
20000000000;70;5060000000;500000000;
20000000000;150;19040000000;1000000000;16000000000
20000000000;90;4020000000;0;100000000
20000000000;21;6660000000;800000000;4800000000
20000000000;100;16550000000;1000000000;15000000000
20000000000;60;19800000000;2000000000;18000000000
20000000000;70;1720000000;0;0
20000000000;55;20504000000;2000000000;16000000000
20000000000;110;16900000000;100000000;14800000000
20000000000;72;19720000000;0;12000000000
20000000000;180;10000000000;0;0
20000000000;10;236000000;700000000;
20000000000;120;2444000000;0;60000000
20000000000;100;4450000000;0;0
20000000000;39;1741000000;0;
20000000000;130;26600000000;0;10000000000
20000000000;205;9500000000;1300000000;0
20000000000;150;14255000000;1000000000;8000000000
20000000000;85;8084000000;0;
20000000000;200;17250000000;0;2530000000
20000000000;150;8200000000;0;
20000000000;12;1024000000;400000000;
20000000000;60;5200000000;0;
20000000000;34;2935000000;1300000000;
20000000000;37;1900000000;900000000;
20000000000;40;2500000000;3000000000;
20000000000;142;3000000000;2000000000;
20000000000;125;18487000064;303000000;17104000000
20000000000;198;14800000512;28463998976;11000000512
20000000000;50;16926999808;2600000000;15226999808
20049999872;68;17359999744;1420000000;16579999744
20102000000;105;14030000000;700000000;9450000000
20163999744;96;15428999680;5276999936;11902999552
20202000384;65;18161000192;850000000;16350000128
20322119680;226;20357752576;656877024;17705633792
20420999168;13;9942000128;1510000000;6742000128
20500000000;30;760000000;4700000000;
20500000768;150;17740999936;3000000000;16072999936
20771999744;12;20450000576;1672000000;20255000576
20845000000;180;14904000000;0;10400000000
20912001024;16;13616000512;0;13400000512
21000000000;77;13820000000;1500000000;7000000000
21000000000;90;3548000000;1200000000;
21000000000;20;1110000000;250000000;
21000000000;210;6380000000;18500000000;1080000000
21000000000;12;370000000;0;
21000000000;70;16040000000;0;15000000000
21000000000;25;3400000000;3000000000;1200000000
21000000000;15;3000000000;2050000000;
21000000000;500;10040000000;700000000;240000000
21025118208;28;20285220160;0;20087900160
21056999424;75;19172000256;0;17404000256
21199998976;385;16334000640;4860000000;11000000512
21289000960;80;19519001088;0;17328001024
21326000128;90;11610000512;6872000000;9848000512
21551699968;752;12735000320;12000000000;3180000000
21611999232;120;18499999744;3712999936;16899999744
21706000384;658;21023999488;2164000000;14821999616
21842999296;150;17251000320;235000000;14595000320
22000000000;234;8900000000;0;200000000
22000000000;5;4020000000;0;2000000000
22000000000;50;17610000000;35000000;16000000000
22000000000;200;19700000000;0;5000000000
22000000000;41;3090000000;0;0
22000000000;40;6700000000;0;4000000000
22000000000;21;1490000000;650000000;
22000000000;0;840000000;0;
22000000000;400;13656000000;0;8500000000
22000000000;90;12504000000;2000000000;10000000000
22000000000;300;12300000000;4060000000;7000000000
22000001024;220;17862999808;190000000;13946999808
22000001024;775;14020000000;800000000;2420000000
22000001024;1200;48056000512;3600000000;35056001024
22000001024;560;18567999744;17965000192;16739999744
22054000640;126;21393000064;0;19815000064
22146000000;104;4368000000;100000000;
22229999616;240;9494000128;0;6000000000
22275999744;275;20727000064;0;15502000128
22328000512;40;20918000128;500000000;20622000128
22421999616;151;17295999488;34000000;14565999616
22435999744;98;19354000896;0;17200001024
22521999360;190;15373999616;2004000000;12851999744
22699999232;140;17220000256;0;14700000256
22868000768;250;20916999168;4000000000;17316999168
22900000000;160;2116000000;850000000;
23000000000;500;20400000000;1000000000;7000000000
23000000000;135;15600000000;3500000000;4500000000
23000000000;33;19240000000;0;18000000000
23000000000;28;990000000;250000000;
23000000000;5;21230000000;0;20000000000
23000000000;27;9000000000;4000000;7500000000
23000000000;50;16200000000;400000000;10000000000
23000000000;25;18816000000;2000000000;15400000000
23000000512;38;20339999744;2350000000;13333999616
23179999232;100;19823000320;1700000000;18243000320
23225999360;471;15992000000;0;12910000128
23325999104;153;10963000320;613200000;6933000192
23397000000;10;342000000;0;
23533000000;47;13871000000;2269000000;10978000000
23878000640;295;17648999424;1414000000;14599999488
24000000000;160;24700000000;0;14500000000
24000000000;60;10000000000;82000000;4100000000
24000000000;80;21300000000;3000000000;20000000000
24000000000;60;19850000000;600000000;19000000000
24000000000;140;23000000000;3100000000;20000000000
24000000000;65;22322999424;660000000;21440999424
24000000000;28;10654000000;100000000;9247000000
24000000000;50;20520000000;4000000000;18000000000
24000000000;100;17900000000;800000000;5500000000
24000000000;30;100000000;100000000;
24000000000;50;13044000000;76000000;10800000000
24000000000;110;11300000000;0;7000000000
24000000000;30;1900400000;500000000;1200000000
24000000000;20;16700000000;6000000000;16000000000
24000000000;200;17012000000;250000000;14000000000
24000000000;60;19120000000;470000000;18400000000
24014999552;830;17317000192;3120000000;5365000192
24142000128;302;21309999488;17600000000;19175999488
24150000000;30;19725000000;1500000000;17560000000
24322177246;600;15057672826;757836292;1000000000
24405999616;630;15427000320;1116000000;9400000512
24416000000;80;19279999488;1783000000;17639999488
24508000256;60;23357000768;297000000;23028000768
24650000384;339;13472000512;150000000;10072000512
24779999232;160;22769999872;224000000;19409999872
24949000192;1275;14413830144;0;3016829952
24999999488;78;20655198208;6000000000;19446198272
24999999488;90;22900000000;1900000000;21600000000
25000000000;311;25360000000;10000000000;12500000000
25000000000;120;11090000000;400000000;3000000000
25000000000;80;17050000000;25000000000;12000000000
25000000000;80;20980500000;1500000000;13500000000
25000000000;15;324000000;0;
25000000000;70;19060000000;1200000000;16000000000
25000000000;30;15820000000;0;15000000000
25000000000;100;14030000000;3500000000;6000000000
25000000000;15;758000000;700000000;
25000000000;250;20650000000;550000000;12500000000
25000000000;100;24400000000;7000000000;20000000000
25000000000;100;5150000000;0;
25000000000;90;3980000000;0;
25000000000;50;3140000000;500000000;
25000000000;120;24500000000;1000000000;1200000000
25000000000;232;14090000000;0;0
25000000000;60;29240000000;2000000000;25000000000
25000000000;21;940000000;0;
25000000000;50;4200000000;1200000000;0
25000000000;16;560000000;160000000;
25000000000;120;22090000000;900000000;7000000000
25000000000;65;6900000000;1300000000;1300000000
25000000000;70;1750000000;2570000000;
25000000000;60;23200000000;5000000000;17000000000
25177999360;208;16307000320;1524000000;13100000256
25200000000;25;2460000000;0;
25291999232;67;19206999552;25000000;17205999616
25320000000;28;13235000000;500000000;10580000000
25365999616;455;23911000064;3630000128;14083000320
25432999936;45;18958000448;0;18097000448
25460000000;30;13400000000;8000000000;3100000000
25652000768;1217;13265999872;5338000192;
25710000128;14;21688999040;98000000;21398999040
25725599744;143;2,80681E+11;2,8555E+11;18055000064
25760999424;68;24241000320;0;23555000320
25867999232;196;18295000064;4690999808;13580000256
25999998976;33;18394399616;1505000000;17999599616
26000000000;45;22456000000;0;19000000000
26000000000;34;25480000000;250000000;24000000000
26000000000;60;17146000000;0;15000000000
26000000000;60;8860000000;1000000000;1000000000
26000000000;110;4500000000;3200000000;
26000000000;198;22000000000;4000000000;10000000000
26000000000;30;1000000000;1000000000;
26000000000;35;1200000000;0;
26016999424;748;14886000128;427000000;4879000064
26290000000;50;12000000000;500;11000000000
26319998976;214;19610999808;550000000;14988999680
26500000000;60;19872000000;4250000000;18200000000
26717999104;204;25710000128;4050000000;23100000256
26751000576;170;22141000704;171000000;19764000768
27000000000;200;15100000000;300000000;7000000000
27000000000;120;18500000000;2500000000;10000000000
27000000000;67;23036000000;900000000;20000000000
27000000000;25;24000000000;250000000;23000000000
27000000000;2700;11300000000;0;3000000000
27000000000;11;23910000000;170000000;23000000000
27000000000;15;0;1000000000;
27000000000;40;9500000000;3200000000;
27000000000;44;26000000000;1500000000;22000000000
27000000000;300;7800000000;3540000000;
27000000000;70;5500000000;4000000000;2000000000
27014954181;102;17840001802;1970259621;14325582439
27299999744;102;23058001024;180000000;21808001024
27356000256;850;19598000640;0;13601000448
27500000000;323;21240000000;200000000;18000000000
27541999616;32;15673000320;195000000;15283000320
27577999360;8;28002000000;0;26752000000
27587999744;140;26000999168;822665984;23428999168
27871000576;65;28010999296;400000000;26770999296
27971999744;78;25382999808;1263000064;24266999808
28000000000;107;19728999680;0;16428999680
28000000000;11;372000000;170000000;
28000000000;90;30320000000;0;22000000000
28000000000;12;24815000000;1000000000;23800000000
28000000000;20;1324000000;0;
28000000000;142;4690000000;300000000;0
28000000000;101;28000000000;4000000000;4000000000
28000000000;42;160000000;4000000000;
28000000000;60;29250000000;0;23000000000
28000000000;40;24230000000;250000000;22000000000
28000000000;216;26412000768;1635000000;24212000768
28071999488;450;18884000256;277000000;12110000128
28113999872;1800;24999999488;7300000000;
28201000960;352;25821499904;3087000064;22560000000
28359999488;153;2959788872;270000000;13789000
28500000000;68;23844000000;0;21600000000
28500000768;130;22735000320;600000000;20490000384
28533000192;408;22705215744;518344992;19085215744
28591151104;190;23452368128;0;20378288128
28600000512;379;23693000192;530000000;18151000064
28700000000;20;800000000;3300000000;
28745000960;200;21082999808;400000000;17944999936
28810000000;22;3218000000;500000000;1468000000
28966000000;150;28047000000;0;24800000000
28974000128;273;24513000448;4048999936;21624000512
28994000896;1536;21671000064;0;11386000384
29000000000;90;11250000000;2000000000;10000000000
29000000000;88;14601000000;4000000000;8000000000
29000000000;350;22000000000;0;7000000000
29037000704;120;23328000000;0;20736000000
29040001024;850;17904999936;15476999680;10067999744
29142000000;57;26023000000;332404762;23725000000
29296001024;198;24348999936;5426000000;21216000000
29300000768;50;25059999360;1150000000;24089999360
29500000000;60;1700000000;0;
29942999040;192;18646000512;312000000;16760000512
30000000000;300;18166000000;3000000000;10320000000
30000000000;150;29000000000;32000000000;14000000000
30000000000;130;3650000000;0;0
30000000000;280;21600000000;50000000;11000000000
30000000000;170;22200000000;3800000000;15000000000
30000000000;50;2000000000;1000000000;
30000000000;5;500000000;0;
30000000000;60;26500000000;8000000000;20000000000
30000000000;20;1000000000;5000000000;
30000000000;30;7000000000;8800000000;1000000000
30000000000;180;21900000000;2000000000;15000000000
30000000000;32;23580000000;130000000;18000000000
30000000000;12;25070000000;0;
30000000000;20;0;40000000;
30000000000;52;3120000000;0;
30000000000;9;4808000000;1000000000;4000000000
30000000000;96;3000000000;2000000000;
30000000000;90;18900000000;0;13000000000
30000000000;60;25080000000;0;15000000000
30000000000;50;0;1500000000;0
30000000000;108;20660000000;0;20000000000
30000000000;50;15300000000;4000000000;
30000000000;480;2888525000;0;
30000000000;270;23200000000;0;2000000000
30000000000;30;17100000000;0;14000000000
30000000000;30;4500000000;4000000000;
30000000000;70;23460000000;800000000;19500000000
30000000000;250;16300000000;10000000000;10000000000
30000000000;170;27980000000;0;21000000000
30000000000;60;23750000000;60000000;21000000000
30000000000;500;23620000000;475000000;320000000
30000000000;40;1350000000;3800000000;
30000000000;620;19840000000;170000000;300000000
30000000000;200;26400000000;2000000000;21000000000
30000000000;15;1500000000;0;
30000001024;62;23860000512;1400000000;23000000512
30000001024;520;20999999488;11000000000;13799999488
30048000000;167;25271999488;2288000000;21301999616
30062999552;41;28269198976;0;27727998976
30539999232;72;27900000896;4520000000;26850000896
30722000896;50;25700000768;11349999872;24500000768
30744999936;237;29507998976;13325000192;27151998976
30859999232;150;26758000128;1500000000;24028000256
31000000000;8;970000000;0;
31000000000;20;2652000000;0;
31000000000;53;21200000000;450000000;18000000000
31000000000;21;0;10200000000;
31000000000;22;1036000000;0;0
31000000512;185;17130000384;2000000000;15930000384
31062999040;60;30580999744;0;30019999744
31153000448;197;24167000064;1700000000;21717000192
31270000640;80;28499999744;0;26979999744
31499999232;800;28462000128;82749997056;16942000128
31844999168;200;26310000128;505000000;22240000000
32000000000;44;4000000000;0;
32000000000;150;6624000000;0;800000000
32000000000;50;6276000000;3000000000;5000000000
32000000000;80;26670000256;1000000000;25500000256
32000000000;7;27100000000;2000000000;13000000000
32000000000;83;2926000000;0;26000000
32000000000;450;31500000000;0;21000000000
32000000000;130;24959999488;220000000;23399999488
32000000000;66;24968000000;0;24000000000
32242999296;148;32327000832;3694072032;30939000832
32277000192;136;29325970640;8102804128;29318000640
32394000384;202;28122999808;763000000;23758999552
32500000768;600;28074999808;2909999936;19374999552
32560001024;220;30029999616;450000000;26229999616
32622000128;485;14046000128;5184000000;10958000128
32668000256;68;32032000384;0;31146000384
32740000000;8;27159000000;0;25670000000
32780000000;20;1003000000;0;
32850000000;40;7314000000;2000000000;2555000000
32999999488;240;27499999744;1500000000;24643999744
32999999488;550;30669999104;5500000000;22749999104
33000000000;120;0;850000000;0
33000000000;30;20300000000;0;18000000000
33000000000;134;33120000000;23000000000;30000000000
33000000000;21;31424000000;0;31000000000
33000000000;40;6428000000;3000000000;
33000000000;100;23080000000;8200000000;20000000000
33000000000;1000;27040000000;17000000000;0
33073000448;1035;19061999616;587000000;13226999808
33192000000;380;0;3800000000;0
33370000000;247;9845000000;2500000000;
33500000256;100;24854999296;3500000000;23449999360
33635000000;25;12100000000;0;0
33802999808;373;31200001024;1345000000;25442000896
33945999360;191;31493999360;7257000192;28761999360
33948000000;40;34381200000;0;30553200000
33999998976;481;20318000128;0;11717999616
34000000000;160;22900000000;1000000000;15000000000
34000000000;9;250000000;0;
34000000000;27;14370000000;0;12000000000
34016999424;65;33020000384;721000000;32490000384
34090000384;180;24736999424;468000000;20512999424
34126999552;101;37705001472;0;34671001600
34925998080;572;33108000256;2903000064;24707000320
35000000000;60;26800000000;7200000000;25000000000
35000000000;2100;28000000000;5700000000;3500000000
35000000000;600;18960000000;0;12000000000
35000000000;550;23860000000;1400000000;750000000
35000000000;100;29060000000;2000000000;25000000000
35000000000;400;13500000000;3800000000;3000000000
35000000000;65;27165000000;1500000000;24000000000
35000000000;350;33888098657;300000000;27362197371
35000000000;35;27530000000;900000000;24000000000
35000000000;141;49001000000;0;21000000000
35000000000;75;7242000000;0;
35000000000;71;22560000000;1500000000;20400000000
35000000000;1300;31000000000;0;5000000000
35000000000;200;3500000000;20000000000;
35292000256;323;27189999104;2190000000;19261999104
35344998400;82;33132999680;546000000;31804999680
35411001344;676;27272999936;3200999936;17272999936
35545001984;96;30405999616;217000000;29077999616
35576000512;476;31077000192;141000000;22919000064
35760000000;10;912000000;121000000;
35999997952;495;27519998976;21699999744;21519998976
36000000000;33;2084000000;0;
36000000000;35;26700000000;0;24000000000
36000000000;121;19560000000;3000000000;15000000000
36000000000;20;8010000000;2000000000;
36000000000;200;26630000000;1080000000;21600000000
36000000000;300;33000000000;0;12000000000
36030000000;300;6300000000;6000000000;
36100001792;80;29000000768;9752000000;27700000768
36170498048;619;31057999360;371000000;26912999424
36171001856;827;19306999808;829000000;7246000128
36323999744;437;31226999808;0;26378999808
36677001216;785;30296000000;0;24561999872
36899000320;225;27072000000;1850000000;22215000064
37000000000;110;26580000000;0;21000000000
37000000000;110;35000000000;3200000000;28000000000
37000000000;25;40330000000;900000000;35000000000
37000000000;175;34275000000;800000000;20000000000
37000000000;16;36170000000;1200000000;35000000000
37000000000;110;24720000000;2000000000;20000000000
37135998976;36;30150999296;1950000000;29330999296
37219999744;39;27536000256;112000000;25667000320
37349998592;180;25763000064;800000000;23143000064
37553000448;1400;31681999872;3995000064;14593999872
37810999296;95;25026000384;3519000064;22456000512
38000000000;30;1372000000;250000000;
38000000000;274;6000000000;0;0
38000000000;18;5300000000;0;
38000000000;0;42000000000;1800000000;33000000000
38000001024;160;22761999488;500000000;20999999488
38000001024;315;25602999296;5400000000;18909999104
38045999104;59;25876999168;2050000000;24676999168
38050000896;109;36282999296;526000000;34411999232
38443999232;41;38598701056;0;38000001024
38499999744;270;28875999744;586000000;24771999744
38600000000;6;65000000;0;
38711001088;1500;27532000256;14365000192;15532000256
39025999872;285;28375999488;0;25305999360
39027998720;454;45295000064;6906999808;42823000064
39054999552;472;33307000320;0;29073000448
39672999936;412;22349000192;8217999872;15214000128
40000000000;50;6500000000;200000000;
40000000000;120;23600000000;0;600000000
40000000000;103;1700000000;3000000000;
40000000000;100;35500000000;150000000;31000000000
40000000000;120;38240000000;0;20000000000
40000000000;100;22720000000;0;12000000000
40000000000;51;32534000000;0;30000000000
40000000000;290;30000000000;550000000;20000000000
40000000000;30;730000000;400000000;200000000
40000000000;200;350000000;8000000000;0
40000000000;1000;22400000000;0;0
40000000000;35;3080000000;5000000000;1000000000
40000000000;25;37450000000;0;35000000000
40000000000;900;41200000000;3000000000;11200000000
40000000000;822;34025000960;0;18705000448
40000000000;65;26940000000;0;240000000
40000000000;19;340000000;0;
40000000000;50;34700000000;0;25000000000
40000000000;15;20000000000;10000000000;
40000000000;20;2000000000;0;
40000000000;15;600000000;3000000000;
40000000000;65;2010000000;40000000;
40000000000;180;32120000000;0;25000000000
40000000000;150;30800000000;20000000000;4000000000
40000000000;50;28240000000;2000000000;20000000000
40000000000;370;17250000000;500000000;1000000000
40000000000;30;30600000000;2000000000;24000000000
40000000000;70;670000000;1000000000;
40000000000;100;12400000000;2000000000;2000000000
40000000000;150;38000000000;4000000000;17000000000
40000000000;145;11354000000;0;
40000000000;300;34590000000;500000000;12000000000
40000000000;50;500000000;4700000000;
40000000000;50;25600000000;2500000000;22000000000
40000000000;54;1800000000;2200000000;
40000000000;35;31900000000;2000000000;30000000000
40000000000;300;4000000000;0;
40055001088;72;30606999424;637000000;29184999424
40192999424;120;22858799872;52535001088;20677799936
40540000000;40;5362000000;500000000;4000000000
40592998400;191;38135999744;320000000;34467999744
40696999936;97;37438999552;0;34638999552
40763998208;300;38046000640;600000000;32006000640
41000000000;240;35000000000;0;22000000000
41000000000;100;17900000000;5000000000;15000000000
41000000000;60;36730000000;500000000;35000000000
41000000000;70;34420000000;1700000000;32000000000
41000000000;125;23000000000;12700000000;15000000000
41000000000;6;430000000;0;
41000000000;6;36550000000;500000000;33200000000
41000000000;418;30500000000;1200000000;15700000000
41080000512;22;33814999872;92000000;33169999872
41230000128;239;32185000704;0;29030000640
41277001728;1270;37392000000;2824000000;24693000192
41308999680;130;31446000640;528000000;25883000832
41551998976;233;35573999616;0;32661999616
41558999040;75;38751001088;3737000064;37751001088
41744000000;13;300000000;0;
42000000000;320;18177000000;0;0
42000000000;10;35296000000;0;35000000000
42000000000;16;1012000000;400000000;
42048999424;620;35572000256;6996000000;29923000320
42384998400;191;40007999488;551000000;37376999424
42390999040;234;39356998400;10167999808;35913998336
43000000000;300;30500000000;500000000;20000000000
43000000000;150;21563000000;6000000000;16000000000
43022999552;119;40448001280;1747000000;37075001344
43093999616;154;31740001024;1414999936;30000001024
43551997952;3125;30214000640;12300000256;3374000128
43750000000;250;15780000000;0;13000000000
44000000000;130;8000000000;12000000000;
44144000000;334;30407600000;1,3E+11;17657600000
44232998912;1256;29779999744;1760000000;10355999744
44257001472;453;32177999104;198000000;28004999168
44385001472;220;40300998656;12344000512;35329998848
44650000000;80;38088000000;10000000000;29150000000
44770000000;15;34750000000;0;28550000000
44798001152;320;37158999040;33999998976;28317999104
44999999488;450;39340997888;2100000000;35999997952
45000000000;100;33100000000;0;22000000000
45000000000;80;20550000000;520000000;17000000000
45000000000;180;8400000000;7000000000;
45000000000;130;39000000000;0;20000000000
45000000000;25;536000000;30000000000;
45000000000;200;28850000000;7000000000;12200000000
45000000000;9;1210000000;0;108000000
45000000000;5;0;0;
45000000000;10;250000000;0;
45000000000;25;34712000000;0;32000000000
45000000000;140;10500000000;3000000000;
45000000000;30;780000000;3000000000;
45224001536;334;38200000000;120000;32000000000
45290000384;2000;37477999104;10999999744;7855000064
45395001344;23;44490000576;1728000000;44159000576
45517000704;110;26194000896;0;20923000832
45620000000;10;150000000;0;
45800000000;190;10700000000;2300000000;
45869998080;120;35286000640;3916000000;32550000640
46000000000;110;13480000000;0;
46000000000;10;1000000000;0;
46000000000;38;2000000000;50000000;
46063001600;995;31056999424;6139739904;19300999168
46405001216;80;42788998528;991000000;41054998528
46490001408;550;43386998272;1017000000;40386998272
46999998464;220;37499998976;8819999744;33999998976
46999998464;1682;31395000832;1431000064;4480999936
47000000000;80;39300000000;3500000000;36000000000
47000000000;98;35490000000;160000000;32000000000
47000000000;62;20600000000;1010000000;17000000000
47608999936;341;21813999616;0;17102999552
48000000000;472;45451000576;0;41215000576
48000000000;260;37926000000;980000000;19200000000
48000000000;80;0;0;0
48000000000;70;24150000000;500000000;20000000000
48000000000;161;56400000000;6800000000;32000000000
48200000000;260;8984000000;350000000;0
49000000000;105;37400000000;4000000000;28000000000
49000000000;485;0;0;0
49000000000;180;34800000000;6800000000;28000000000
49000000000;20;20100000000;500000000;
49000000000;20;1768000000;30000000;250000000
49000001536;85;47382500864;0;45182500864
49011998720;139;43399000576;700000000;40255000576
49371000832;518;34999000576;289000000;26495000576
49500000000;60;35736000000;5000000000;30000000000
49962999808;167;48000001280;23939999744;45900001280
49999998976;144;48350000640;4000000000;46200000512
49999998976;309;29700000256;3816000000;25500000256
49999998976;36;42576001536;2450000000;41960001536
50000000000;650;38500000000;25000000000;17000000000
50000000000;30;41200000000;2000000000;40000000000
50000000000;200;45260000000;4000000000;36000000000
50000000000;130;38000000000;37000000000;26000000000
50000000000;50;38350000000;3000000000;38000000000
50000000000;15;45560000000;2000000000;45000000000
50000000000;21;120000000;0;
50000000000;180;10000000000;20000000000;
50000000000;160;37000000000;400000000;20000000000
50000000000;5;500000000;0;
50000000000;120;27300000000;0;21000000000
50000000000;25;33254000000;0;30424000000
50000000000;50;9432000000;2000000000;1500000000
50000000000;200;0;20000000000;0
50000000000;15;20830000000;300000000;20000000000
50000000000;20;36720000000;1000000000;30000000000
50000000000;15;700000000;0;0
50000000000;15;3300000000;2000000000;
50000000000;7;836000000;0;
50000000000;20;21820000000;300000000;20000000000
50000000000;160;30800000000;2000000000;20000000000
50000000000;600;31650000000;0;800000000
50000000000;20;0;0;
50000000000;18;152000000;600000000;
50000000000;40;5005000000;10000000000;
50000000000;60;1860000000;5000000000;
50000000000;100;40560000000;0;35000000000
50000000000;15;2000000000;0;
50000000000;270;48499000000;0;47500000000
50000000000;25;600000000;0;
50000000000;80;5480000000;4500000000;2400000000
50625998848;739;40259000320;8957000192;18229999616
50794999808;216;33725000704;0;29009000448
50902999040;736;34596999168;9292999936;18582999040
51312001024;188;19224999680;1578000000;16380999680
51640999936;178;33184000256;30000000;31509000192
51780001792;502;43300000768;300000000;36500000768
51999997952;540;35979999232;0;29035999232
51999997952;250;37456000000;18999999488;31200000000
51999997952;35;44113999488;5200000000;43399999488
52000000000;120;27246000000;800000000;16800000000
52000000000;15;31800000000;0;30000000000
52000000000;180;32350000000;900000000;26000000000
52000000000;450;45500000000;0;14000000000
52000000000;20;44060000000;0;42000000000
52000000000;0;28000000;0;
52000000000;70;34500000000;2000000000;25000000000
52123000832;990;47211001344;195000000;40922001408
52131000320;170;48902998272;0;46843998208
52137000960;186;44720999424;1739000064;41842999296
52255997952;32;45526998400;503000000;45136998400
53000000000;650;43011000000;2500000000;3000000000
53000000000;156;3500000000;4000000000;0
53000000000;35;3540000000;0;
53000000000;25;450000000;800000000;0
53006000000;160;46200000000;0;36000000000
53515001856;264;52953998720;0;50867998720
53709000704;289;51375999488;141000000;46663999488
54000000000;110;27000000000;2000000000;19000000000
54000000000;12;46800000000;1300000000;45000000000
54000000000;90;43464323742;400000000;37800000000
54405001216;4;52594998272;416000000;52546998272
54461001728;180;42305998848;10067999552;35329998848
54874001408;415;45857000448;3699000064;41237000192
54999998464;280;43994000384;300000000;41820000256
54999998464;300;50700000256;6277000192;38200000512
55000000000;210;28880000000;1000000000;20000000000
55000000000;520;54000000000;900000000;25000000000
55000000000;32;712000000;1400000000;
55000000000;22;4380000000;1000000000;
55120000000;18;35138000000;38367000000;33250000000
55288999936;230;38578000896;2574000000;32966000640
55987998720;163;46753000192;0;44508000256
56000000000;23;1030000000;0;
56000000000;150;50800000000;4000000000;41000000000
56000000000;20;18120000000;5000000000;
56000000000;265;25000000000;2000000000;8000000000
56000000000;11;1644000000;2000000000;
56480000000;70;52000000000;0;46000000000
56610000896;286;43107001856;0;39364001792
57000000000;400;56450000000;800000000;31000000000
57000000000;450;45900000000;3000000000;30000000000
57000000000;110;0;3700000000;0
57000000000;220;44500000000;600000000;32000000000
57244000256;365;44874998272;7331999872;37940998144
57458999296;65;59881000192;1400000000;57564000256
57656000512;120;36666999552;531000000;34037999616
57999998976;873;40173999104;3000000000;27673999360
58000000000;60;45450000000;1200000000;40000000000
59000000000;145;44540000000;2922000000;35000000000
59000000000;85;44504000000;650000000;38000000000
59000000512;103;55954999808;0;53020999680
59389001728;132;54321000704;1268000000;52102000640
60000000000;125;0;5000000000;0
60000000000;900;58077000000;50000000;3054000000
60000000000;80;11049000000;1000000000;7359000000
60000000000;30;46980000000;0;45000000000
60000000000;23;0;0;0
60000000000;60;4000000000;0;
60000000000;19;6036000000;0;
60000000000;23;0;0;0
60000000000;23;0;0;0
60000000000;700;41670000000;0;29000000000
60000000000;150;55000000000;21000000000;34000000000
60000000000;220;35800000000;15000000000;15000000000
60000000000;30;20280000000;0;10000000000
60000000000;60;54200000000;2000000000;40000000000
60000000000;50;62250000000;0;55000000000
60000000000;250;42400000000;500000000;29000000000
60000000000;290;47200000000;0;40000000000
60000000000;20;380000000;0;
60000000000;150;51440000000;3000000000;46000000000
60000000000;78;7420000000;27000000000;0
60000000000;75;5000000000;0;
60000000000;90;3300000000;1500000000;
60000000000;22;26220000000;5000000000;24000000000
60000002048;500;50024998912;0;38756999168
60000002048;3000;45999998976;3100000000;20000000000
60000002048;300;26819999744;0;18659999744
60809998336;300;47936001024;11659000320;46128001024
61000000000;280;26256000000;850000000;18000000000
61000000000;755;34000000000;0;20000000000
61000000000;18;2124000000;480000000;0
61000000000;10;60200000000;0;59000000000
61197000704;16;59253001216;1300000000;59013001216
61238001664;170;53040000512;4600000000;49080000512
61299998720;204;49422001664;47000000;45750001664
61475999744;245;56456997888;471000000;51956998144
62000000000;100;42200000000;100000000;30000000000
62000000000;60;47600000000;0;43000000000
62285500416;250;56630698240;655439936;52639498240
62999998464;2500;51600001024;3500000000;28600000512
63000000000;110;48400000000;8000000000;37000000000
63000000000;68;56300000000;1000000000;50000000000
63000000000;20;42080000000;0;40000000000
63000000000;100;59040000000;20000000000;46000000000
63023001600;840;59938000896;575000000;40866000896
63500000000;110;12000000000;1500000000;
63915999232;282;56960999680;1222000000;53205999616
64000000000;35;840000000;2000000000;
64000000000;500;76105000000;1900000000;73000000000
64000000000;350;55001998336;1300000000;48201998336
64310685696;117;58958654464;413280992;53914009600
64500000000;45;1244000000;500000000;
64567001088;245;24630000128;15509000192;20238000128
64616001536;281;55346000384;4400000000;48817000448
64682000384;60;61895001088;2818000000;60272001024
65000000000;432;14276000000;0;
65000000000;1100;36250000000;1800000000;0
65000000000;15;780000000;0;
65000000000;110;13160000000;600000000;1400000000
65120000000;22;15180000000;0;15000000000
65227001856;182;61849001984;130684008;56957001728
65665998848;215;40499001344;5312000000;34366001152
66000000000;230;54100000000;0;45000000000
66000000000;6;51700000000;0;50000000000
66000000000;15;1590000000;0;
66000000000;1000;27400000000;1000000000;2000000000
66141999104;1165;37344999424;2287000000;27114999808
66213784837;319;55046361772;820000000;39270087635
66432999424;1582;62965000192;2996999936;42800001024
66440998912;75;57893001472;173000000;54817001472
66454999040;21;57088999744;11216000000;56419999744
66552999936;480;53341000704;2193999872;45211000832
66681999360;108;41484998912;8905000192;38984998912
67000000000;120;44000000000;0;25000000000
67000000000;17;64200000000;310000000;63000000000
67328000000;315;51942000640;0;35710001152
68000000000;200;61200000000;0;54000000000
68000000000;53;910000000;0;
68000000000;5;1000000000;0;
68000000000;26;36200000000;0;18000000000
68000000000;450;47000000000;3500000000;13600000000
68000000000;300;63500000000;17000000000;45000000000
69000000000;500;60500000000;4500000000;40000000000
69009997824;70;68928998912;5370000128;68168998912
69793439744;400;18886129664;801540000;10502830080
70000000000;300;18000000000;0;0
70000000000;120;61000000000;400000000;40000000000
70000000000;300;63700000000;500000000;49500000000
70000000000;50;13000000000;0;
70000000000;14;30600000000;0;
70000000000;35;4644000000;0;
70000000000;5;580000000;0;
70000000000;82;60400000000;6100000000;50000000000
70000000000;30;7330000000;20000000000;0
70000000000;150;64400000000;5000000000;39960000000
70000000000;86;5880000000;1500000000;
70000000000;104;35600000000;0;20000000000
70000000000;80;20310000000;5000000000;60000000
70000000000;560;8012000000;7000000000;2640000000
70000000000;450;51000000000;30000000000;30000000000
70000000000;180;55500000000;4000000000;47000000000
70000000000;35;390000000;0;
70000000000;49;60260000000;0;55000000000
70000000000;40;250000000;4000000000;
70000001024;300;65158000640;700000000;58758000640
70999998464;390;49950001664;0;46020001792
71012999168;649;52506998784;174000000;44111998976
71040000000;50;2100000000;0;1000000000
71165001728;405;67342999552;1689000000;60202999808
71988002816;344;60773605896;5439000064;60770000896
72000000000;7;684000000;0;
72000000000;36;0;0;
72000000000;255;74800000000;1398000000;57000000000
72000000000;110;16306000000;30000000000;12190000000
72000000000;88;37300000000;6200000000;32000000000
72000000000;117;63608000000;21600000000;54360000000
72128004096;370;50557001216;3089754080;45374001152
72220000256;240;67979998720;0;62579998720
72377999360;82;61310001664;5700000000;56310001664
73000000000;9;52450000000;0;51000000000
73000000000;13;66040000000;0;65000000000
73000000000;300;16000000000;90000000000;
73000000000;300;16000000000;90000000000;
73161998336;600;68299998208;400000000;59799998464
73805996032;327;51907000320;0;39288999936
73985998848;160;55787001344;2634000000;51781001216
74000000000;75;70800000000;7000000000;66000000000
74999996416;445;66600000512;3448000064;60500000768
75000000000;130;21507000000;6000000000;1500000000
75000000000;190;48050000000;6000000000;42000000000
75000000000;774;48940000000;1000000000;0
75000000000;10;990000000;0;
75000000000;30;47260000000;0;45000000000
75000000000;17;1360000000;100000000;0
75000000000;100;1,018E+11;3000000000;40000000000
76000002048;300;48259997696;3652999936;41759997952
76899999744;40;4909999872;120000000;4409999872
77000000000;190;91440000000;2000000000;78000000000
77550000000;18;52377000000;0;48770000000
77633003520;380;50088999936;2222999936;39267000320
77694000000;190;41000000000;13000000000;32000000000
78000000000;380;73600000000;14000000000;60000000000
78000000000;1300;55460000000;5000000000;23000000000
78609997824;109;42327000576;2120000000;36870000640
79130000000;40;71050000000;0;70000000000
79154003968;732;65614002176;3080000000;52150001664
79943000064;557;49170999296;5467000064;35491999744
80000000000;12;65890000000;0;65000000000
80000000000;80;63380000000;0;60000000000
80000000000;190;24500000000;0;
80000000000;20;120000000;0;
80000000000;18;61400000000;0;60000000000
80000000000;7;51400000000;0;50000000000
80000000000;8;1810000000;0;
80000000000;24;1230000000;585000000;
80000000000;400;60000001024;5478000128;55500001280
80000000000;100;62000002048;0;60000002048
80000000000;180;56950000000;5000000000;50000000000
80000000000;40;75300000000;0;50000000000
80000000000;50;3672000000;24000000000;
80000000000;80;62700000000;0;60000000000
80000000000;26;23300000000;3000000000;20000000000
80000000000;200;74850000000;500000000;60000000000
80000000000;20;420000000;0;
80000000000;99;25200000000;700000000;20000000000
80000000000;101;72000000000;6000000000;60000000000
80000000000;5;130000000;0;
80000000000;5;80000000;0;
80000000000;23;3600000000;500000000;0
80000000000;60;10200000000;180000000;8000000000
80000000000;1200;54100000000;1700000000;12000000000
80000000000;80;49000000000;0;45000000000
80000000000;300;50560000000;2300000000;44000000000
80053002240;154;70827999616;8759999744;68949999616
81000000000;350;12000000000;1000000000;
81000000000;300;92500000000;0;72000000000
81533001728;1626;68074997760;2395000064;51451998208
82000000000;27;70710000000;500000000;70000000000
82000000000;25;27272000000;0;16000000000
82000000000;120;1,705E+11;0;95000000000
82000000000;100;4680000000;400000000;
82000003072;794;78340001792;243000000;69970001920
82310000000;300;75600000000;1000000000;60500000000
82500001792;250;69820001024;0;66985000960
82830000000;8;50190000000;0;50000000000
83000000512;295;59999998464;0;54999998464
83000000512;120;59000001536;1300000000;57000001536
83019997184;205;49678000640;3495000064;43832000512
83999997952;122;71040000128;40000000;69518000128
83999997952;325;67449999872;2000000000;62449999872
84000000000;80;72800000000;0;65000000000
84480000000;205;63445998080;599000000;59039997952
84870000000;125;22066200000;0;0
84940000000;100;55200000000;0;35000000000
85000000000;80;9740000000;2600000000;6700000000
85000000000;55;73300000000;0;63000000000
85000000000;95;720000000;3000000000;
85000000000;150;63000000000;400000000;50000000000
85759000576;53;81769180768;31400000;81236000768
86000000000;1200;7480000000;1000000000;5000000000
86000000000;270;22500000000;2000000000;8000000000
86012002304;187;80372999936;0;77809999872
86400000000;666;0;4130000000;0
87000000000;120;71100000000;0;70000000000
87000000000;500;39000000000;2898000000;27300000000
87260000000;30;2160000000;0;80000000
87662002176;340;74067998464;2800000000;70999998464
88000000000;2400;7500000000;4E+12;2000000000
88000000000;145;70700000000;6000000000;60000000000
88807997440;390;39397001216;0;30569000960
89000000000;12;1160000000;0;
89958998016;553;64007000064;22279999488;43490000896
89999998976;427;81586998784;5090000000;75436998656
89999998976;220;64486000000;8232999936;64000000000
90000000000;290;17460450000;0;6390000000
90000000000;150;56000000000;60000000000;45000000000
90000000000;19;1900000000;0;
90000000000;180;19500000000;7000000000;5500000000
90000000000;70;51900000000;0;50000000000
90000000000;40;0;5000000000;0
90999996416;350;70420000768;22300000256;63700000768
91000000000;50;10736000000;9500000000;6500000000
91000000000;185;65000000000;300000000;60000000000
91000000000;140;75399000000;12000000000;70000000000
91120001024;70;71385998848;5750000128;70145998848
92000000000;500;63000000000;1500000000;40000000000
92296003584;903;86700003328;4490000000;75500003328
93000000000;101;3766000000;560000000;
93500000000;1200;70040000000;7500000;38300000000
95000000000;40;63300000000;0;60000000000
95136997376;953;86944001024;35069001728;72575000576
95430000000;12;304000000;2250000000;0
95530000000;35;494700000;0;
95829000192;2203;77765001216;39930999808;39118000128
96000000000;700;80735001088;1,4698E+11;73100001280
96510001152;550;58635001856;6645999872;39770001408
97000000000;100;28400000000;54000000000;15000000000
97000000000;107;22500000000;550000000;9400000000
97000000000;110;13700000000;0;8000000000
97000000000;600;1,0302E+11;53140000000;61000000000
97000000000;31;7511000000;28000000;6000000000
98000000000;140;48000000000;2500000000;35000000000
98000000000;318;81500000000;0;64000000000
98000000000;38;2670000000;2000000000;
98299002880;403;84900003328;7700000000;78700003328
98475999232;428;94909001728;1600000000;90209001472
98700000000;1010;69600000000;2100000000;0
99787997184;346;51682997760;17821999104;45599997952
99999997952;100;79659996160;0;78370996224
1E+11;131;14100000000;500000000;
1E+11;102;40120000000;10000000000;20000000000
1E+11;150;79000000000;10000000000;60000000000
1E+11;60;36540000000;0;2000000000
1E+11;150;18000000000;0;6000000000
1E+11;10;250000000;0;
1E+11;280;37000000000;0;3000000000
1E+11;100;15050000000;0;
1E+11;197;21700000000;500000000;0
1E+11;130;1,015E+11;2000000000;85000000000
1E+11;200;86000000000;500000000;70000000000
1E+11;173;0;0;0
1E+11;280;70000000000;4000000000;50000000000
1E+11;60;15015000000;10000000000;
1E+11;20;280000000;0;
1E+11;110;89518000000;0;85000000000
1E+11;100;6700000000;700000000;300000000
1E+11;100;76000000000;1,1E+11;30000000000
1E+11;140;10100000000;0;0
1E+11;130;58765000000;400000000;52500000000
1E+11;160;52100000000;6000000000;10000000000
1E+11;60;0;0;0
1E+11;10;280000000;0;
1E+11;100;0;0;0
1E+11;120;64400000000;600000000;60000000000
1E+11;35;1550000000;700000000;
1,0006E+11;800;85574998016;1034000000;75024998400
1,01E+11;6;1190000000;0;
1,01E+11;1980;80700000256;10000000000;54200000512
1,015E+11;9;300000000;0;
1,02E+11;18;84800000000;0;80000000000
1,02E+11;120;84700000000;300000000;80000000000
1,02E+11;70;1000000000;2000000000;
1,02E+11;570;77399997440;1209000000;71399997440
1,0234E+11;494;75893999616;6150000128;62656000000
1,025E+11;235;81270999040;12727000320;70244999168
1,028E+11;85;9964000000;4000000000;0
1,03123E+11;150;93676003584;2400000000;90376003584
1,03919E+11;579;85306997760;1760000064;73731997696
1,0407E+11;12;1,01645E+11;216000000;1,00747E+11
1,044E+11;30;81000000000;0;80000000000
1,05E+11;1100;61530000000;0;57000000000
1,05E+11;125;4840000000;12000000000;0
1,05E+11;350;81600002560;11699999744;75800002560
1,05E+11;665;99563996160;2000000000;90999996416
1,053E+11;50;80600000000;0;80000000000
1,05521E+11;1991;78314997760;1,06999E+11;44979998720
1,06E+11;300;91500000000;0;30000000000
1,06638E+11;321;83509003264;1108000000;78387003392
1,06959E+11;740;1,02093E+11;3807899936;92318998528
1,07E+11;860;1,06E+11;0;85000000000
1,07395E+11;465;86776002560;3007000000;74093002752
1,08E+11;230;12000000000;15000000000;
1,08E+11;50;1,052E+11;6000000000;95000000000
1,08E+11;84;27780000000;4000000000;5000000000
1,09266E+11;698;1,71708E+11;3200000000;1,6505E+11
1,1E+11;167;72200000000;0;1200000000
1,1E+11;22;9890000000;1500000000;8500000000
1,1E+11;36;11002000000;0;92000000
1,1E+11;156;94100000000;400000000;80000000000
1,1E+11;80;34240000000;28000000000;30000000000
1,10027E+11;756;68383998976;81000000;54750998528
1,10077E+11;1300;92420001792;1,98999E+11;62000001024
1,1024E+11;140;91779999744;6451000192;88419999744
1,11E+11;420;93670000000;8000000000;27750000000
1,11E+11;10;1,015E+11;0;1E+11
1,11E+11;54;81600000000;970000000;80000000000
1,11E+11;2200;49540001792;300000000;25300000768
1,12068E+11;113;1,01395E+11;6701000192;96610000896
1,12186E+11;287;1,02659E+11;0;98626002944
1,12556E+11;434;1,06069E+11;2459000064;1,02697E+11
1,126E+11;20;55380000000;0;55000000000
1,13E+11;8;790000000;0;
1,13E+11;85;1700000000;1800000000;
1,13131E+11;142;99749996032;8500000000;97499996160
1,13333E+11;542;73206001152;1982999936;65456001024
1,14E+11;50;4672000000;0;
1,142E+11;250;53965000000;0;23900000000
1,15037E+11;498;61138999296;4451000128;39304998912
1,15379E+11;478;87444999168;13240999744;77597999104
1,16539E+11;124;1,13394E+11;122000000;1,12226E+11
1,17E+11;259;91431998464;0;80499998720
1,18E+11;80;76800000000;25400000000;72000000000
1,18E+11;106;96200000000;2600000000;82000000000
1,18402E+11;520;1,12801E+11;2674000000;1,0291E+11
1,19315E+11;1780;91950002176;14000000000;44230000640
1,2E+11;70;48600000000;10000000000;41000000000
1,2E+11;300;16000000000;0;
1,2E+11;50;81400000000;0;80000000000
1,2E+11;190;86360000000;4000000000;80000000000
1,2E+11;700;74400000000;0;30000000000
1,2E+11;65;1,004E+11;0;90000000000
1,2E+11;90;88500000000;0;80000000000
1,2E+11;130;3920000000;50000000000;200000000
1,2E+11;650;26600000000;0;0
1,2E+11;220;87400000000;5000000000;60000000000
1,2E+11;20;1000000000;1000000000;
1,2E+11;500;58000000000;1850000000;38000000000
1,20958E+11;1586;1,10391E+11;1485000064;98456002560
1,21E+11;140;15440000000;16500000000;8500000000
1,21E+11;130;43600000000;16000000000;
1,21763E+11;142;79129997568;1978000000;76149997568
1,22E+11;400;35400000000;1400000000;33000000000
1,228E+11;10;97370000000;16020000000;95330000000
1,23E+11;477;1,12114E+11;579000000;85723996160
1,23736E+11;1524;98163998720;8300000000;78651998208
1,2381E+11;243;82625999872;6886000128;67235000320
1,24564E+11;30;1,18783E+11;500000000;1,18033E+11
1,25E+11;200;0;2000000000;0
1,269E+11;1619;1,022E+11;6350000256;84799995904
1,284E+11;30;5085000000;50000000;
1,28428E+11;500;1,1684E+11;2201999936;95099002880
1,28741E+11;2728;98786000896;26800000000;75916001280
1,29E+11;1060;1,306E+11;8800000000;60000000000
1,29E+11;250;1,126E+11;5000000000;90000000000
1,293E+11;110;1,2035E+11;0;1,2E+11
1,29923E+11;1024;1,23597E+11;6400000000;1,04764E+11
1,3E+11;30;1,04E+11;0;1E+11
1,3E+11;30;2360000000;7000000000;
1,3E+11;380;1,12E+11;0;29000000000
1,31E+11;2123;1,1183E+11;24899999744;83029999616
1,31484E+11;694;41314000384;3759000064;33571000320
1,32E+11;80;2119300000;2000000000;517300000
1,32178E+11;1138;1,11286E+11;7472000000;94478999552
1,32697E+11;580;1,31027E+11;3079000000;1,23579E+11
1,3272E+11;223;12679000064;0;10590000128
1,332E+11;312;78127996416;2860000000;70775996416
1,3345E+11;407;1,035E+11;2500000000;99561996288
1,33992E+11;545;1,0382E+11;1672000000;88407998464
1,34951E+11;2436;1,27077E+11;50500001792;96713998336
1,36E+11;300;49000000000;35000000000;30000000000
1,36986E+11;219;1,23471E+11;0;1,18556E+11
1,37E+11;87;3640000000;800000000;
1,37E+11;17;6000000000;700000000;
1,383E+11;500;70470000000;0;50000000000
1,38461E+11;245;6452300032;0;3272300032
1,4E+11;68;0;1300000000;0
1,4E+11;320;1,035E+11;6000000000;75000000000
1,4E+11;54;1,24923E+11;3000000000;1,19E+11
1,41257E+11;410;1,25354E+11;2000000000;1,16014E+11
1,43E+11;145;1,083E+11;7000000000;97000000000
1,45E+11;198;21900000000;3900000000;3000000000
1,455E+11;1230;1,225E+11;2627000064;1,0032E+11
1,47E+11;230;32499999744;1661999936;24099999744
1,49979E+11;750;1,29064E+11;19369999872;1,20076E+11
1,5E+11;94;1,435E+11;6500000000;1,4E+11
1,5E+11;65;1,3485E+11;1000000000;1,32E+11
1,5E+11;300;1,23E+11;1E+11;1,1E+11
1,5E+11;270;1,34E+11;4000000000;1,1E+11
1,5E+11;310;27384000000;1000000000;
1,5E+11;400;14000000000;0;0
1,5E+11;15;1100000000;0;
1,5E+11;150;0;0;
1,5E+11;100;1,226E+11;0;1,2E+11
1,5E+11;50;1,22E+11;2000000000;60000000000
1,5E+11;150;1,286E+11;8500000000;45000000000
1,5E+11;148;11240000000;7200000000;
1,50138E+11;568;1,40197E+11;1033000000;1,32E+11
1,50337E+11;90;1,18926E+11;0;1,1392E+11
1,505E+11;220;1,0324E+11;0;88950000000
1,50594E+11;2446;1,09954E+11;5767000256;74250002432
1,51775E+11;120;33719000000;700000000;
1,52E+11;46;0;4500000000;0
1,52E+11;90;1,281E+11;0;1,22E+11
1,52E+11;160;1,07464E+11;5000000000;91200000000
1,52503E+11;430;1,38883E+11;2733000000;1,27615E+11
1,53E+11;155;1,4E+11;0;1,25E+11
1,53571E+11;187;1,31351E+11;0;1,2941E+11
1,54866E+11;529;1,42696E+11;1474000000;1,36016E+11
1,55621E+11;420;90120997888;1500000000;83772997632
1,56E+11;26;1644000000;0;
1,56E+11;55;11370000000;0;
1,59339E+11;1076;73792594944;28300000256;65961594880
1,59911E+11;3098;1,28622E+11;15193900544;65003700224
1,6E+11;450;1,582E+11;0;1E+11
1,6E+11;400;1,56E+11;2000000000;1,3E+11
1,6E+11;50;85100000000;0;80000000000
1,6E+11;7;1,235E+11;0;1,2E+11
1,6E+11;370;1,1212E+11;8500000000;1E+11
1,60659E+11;410;1,55267E+11;1474000000;1,50246E+11
1,63E+11;900;78000000000;2000000000;60000000000
1,6351E+11;457;1,02164E+11;15897309568;95370002432
1,63931E+11;354;1,39612E+11;531800000;1,33879E+11
1,64859E+11;256;1,21227E+11;3615000128;1,16006E+11
1,65E+11;850;1,68E+11;47000000000;1,4E+11
1,65E+11;900;1,4396E+11;6,522E+11;1E+11
1,664E+11;40;1,62E+11;0;1,4E+11
1,68101E+11;337;79873996288;880000000;72553996288
1,68165E+11;2620;1,01511E+11;3494000128;44343001088
1,68256E+11;630;1,51738E+11;1900000000;1,3813E+11
1,7E+11;15;2000000000;0;
1,7E+11;180;0;0;0
1,7E+11;185;75200000000;0;1200000000
1,7E+11;263;8030000000;0;6000000000
1,7E+11;170;12700000000;0;
1,7E+11;944;1,565E+11;2000000000;1,38E+11
1,706E+11;50;1,509E+11;0;1,5E+11
1,71155E+11;169;1,40984E+11;1259400064;1,35084E+11
1,7245E+11;458;18454000640;0;12049000448
1,73163E+11;996;70250000384;20238000640;47415001088
1,73529E+11;568;1,20499E+11;2194999936;1,08345E+11
1,73838E+11;2863;1,17125E+11;3318000128;74750001152
1,7505E+11;2500;1,50538E+11;4082999936;1,20452E+11
1,75724E+11;815;1,38643E+11;17980999680;1,24631E+11
1,78E+11;2000;0;10000000000;0
1,78E+11;100;1900000000;0;
1,78507E+11;1007;1,53585E+11;38908289024;1,40235E+11
1,79E+11;242;50700000000;2000000000;38000000000
1,79525E+11;732;1,12707E+11;27000000512;96224002048
1,8E+11;350;1,0348E+11;10000000000;99000000000
1,8E+11;6;430000000;0;
1,8E+11;45;1400000000;0;
1,8E+11;925;1,4448E+11;11700000000;1,2E+11
1,8E+11;380;26100000000;70000000;15000000000
1,80086E+11;294;1,62E+11;9170000128;1,5876E+11
1,83E+11;600;1,785E+11;0;1,1E+11
1,85E+11;280;1,84356E+11;370000000;1,56E+11
1,85E+11;250;0;0;
1,85E+11;280;1,871E+11;0;1,68E+11
1,85E+11;16;1,8376E+11;8999999488;1,83364E+11
1,8572E+11;950;1,4054E+11;7430000256;1,2572E+11
1,878E+11;50;61450000000;0;60000000000
1,88E+11;114;1,448E+11;2000000000;1,31E+11
1,89E+11;50;1,309E+11;0;1,3E+11
1,9E+11;96;6020000000;0;0
1,9E+11;250;1,585E+11;0;1,42E+11
1,9E+11;57;5030000000;20000000000;
1,90444E+11;2690;1,77987E+11;4637000192;1,32262E+11
1,90725E+11;1100;1,75199E+11;1760000064;1,64929E+11
1,909E+11;125;1660000000;1000000000;
1,92E+11;600;1,1036E+11;2600000000;99999997952
1,93E+11;6000;0;6900000000;0
1,94238E+11;321;1,58649E+11;50000001024;1,42917E+11
1,95E+11;200;1,82515E+11;3800000000;1,78015E+11
1,95E+11;50;1,3655E+11;200000000;1,3E+11
1,95E+11;1059;2,122E+11;0;1,61E+11
1,95517E+11;837;1,5453E+11;1724999936;1,36084E+11
1,96E+11;450;1,208E+11;400000000;1E+11
1,96898E+11;1744;1,76255E+11;5491729920;1,54326E+11
1,97148E+11;286;1,64353E+11;6852270080;1,59628E+11
1,98222E+11;517;1,47232E+11;2533000128;1,31965E+11
2E+11;200;4,7122E+11;7020000000;4,6842E+11
2E+11;450;52790000000;10000000000;11360000000
2E+11;200;49200000000;26000000000;
2E+11;450;1,82E+11;30000000000;70000000000
2E+11;60;93000000000;0;89000000000
2E+11;350;1,7684E+11;3500000000;1,6E+11
2E+11;53;1,85E+11;0;1,8E+11
2E+11;281;81000000000;6000000000;34000000000
2E+11;900;1,35E+11;3000000000;80000000000
2E+11;80;0;1700000000;0
2E+11;30;2055000000;0;0
2E+11;40;0;0;0
2E+11;100;0;0;0
2E+11;800;0;0;0
2E+11;2000;76500000000;1000000000;64000000000
2E+11;120;1,531E+11;0;1,5E+11
2E+11;290;1,48E+11;2000000000;1,2E+11
2E+11;100;1,861E+11;0;0
2E+11;160;1,922E+11;100000000;1,8E+11
2E+11;157;1,9381E+11;0;1,9E+11
2E+11;150;4500000000;1000000000;
2E+11;332;86600000000;1000000000;5000000000
2,0094E+11;2340;1,59152E+11;0;1,24129E+11
2,01E+11;200;15400000000;1000000000;0
2,02487E+11;148;1,6302E+11;15827999744;1,58812E+11
2,02977E+11;921;1,40431E+11;0;1,24492E+11
2,04E+11;700;1,776E+11;0;61200000000
2,04001E+11;150;1,95039E+11;1000000000;1,90076E+11
2,04737E+11;383;64384998400;2924000000;51003998208
2,05484E+11;2000;1,99024E+11;11605000192;1,67495E+11
2,06468E+11;1500;1,98863E+11;1941000000;1,83322E+11
2,07938E+11;838;1,77392E+11;890000000;1,68733E+11
2,09E+11;770;1,847E+11;700000000;1,6E+11
2,1E+11;80;3120000000;2000000000;
2,1E+11;2150;1,8238E+11;22899999744;1,4826E+11
2,10581E+11;766;1,08257E+11;10502000128;90825998336
2,11849E+11;764;1,70953E+11;2807000064;1,57267E+11
2,12E+11;110;45150000000;0;32000000000
2,157E+11;100;81650000000;0;80000000000
2,161E+11;550;69700000000;0;66000000000
2,16505E+11;1278;1,48301E+11;15000000512;1,25841E+11
2,17E+11;150;4100000000;9300000000;
2,18E+11;200;1,727E+11;3000000000;1,65E+11
2,18613E+11;1970;1,84891E+11;15512999936;1,32065E+11
2,2E+11;200;1,587E+11;0;1,5E+11
2,2E+11;500;1,01E+11;0;85000000000
2,2E+11;450;0;0;0
2,2E+11;290;12000000000;16000000000;
2,209E+11;176;2,06042E+11;0;1,846E+11
2,22E+11;60;2200000000;0;
2,25E+11;2850;2,3758E+11;6660000000;1,8058E+11
2,25E+11;30;2800000000;0;
2,25311E+11;4455;2,16453E+11;3169999872;1,69485E+11
2,254E+11;72;1,07568E+11;0;1,016E+11
2,26E+11;115;77232000000;7000000000;66890000000
2,27E+11;650;2,025E+11;1500000000;1,962E+11
2,28835E+11;285;1,80292E+11;4507900416;1,76844E+11
2,3E+11;20;1800000000;0;
2,3E+11;130;2500000000;0;
2,3E+11;398;0;0;0
2,3E+11;500;2,0924E+11;16500000000;1,9874E+11
2,30363E+11;2000;2,23514E+11;3753999872;1,9821E+11
2,32E+11;325;34024000000;10000000000;16024000000
2,34E+11;151;24000000000;4800000000;
2,36E+11;130;2,16197E+11;2200000000;2,09E+11
2,39E+11;350;1,9656E+11;30000000000;1,8E+11
2,394E+11;100;75920000000;0;75000000000
2,39587E+11;101;2,1392E+11;4381000000;2,11638E+11
2,4E+11;500;1,98E+11;17000000000;1,64E+11
2,4E+11;225;2,0207E+11;2800000000;1,88458E+11
2,4E+11;1200;2,147E+11;2000000000;1,8E+11
2,4E+11;140;1,92E+11;0;76800000000
2,42E+11;2300;1,97E+11;30000000000;1,3E+11
2,44E+11;700;1,339E+11;0;60000000000
2,46E+11;1200;2,072E+11;1000000000;1,862E+11
2,47E+11;95;1,97E+11;1700000000;1,85E+11
2,48E+11;434;1,65655E+11;883000000;1,45655E+11
2,5E+11;3000;2,58E+11;30000000000;35000000000
2,5E+11;250;25000000000;0;0
2,5E+11;135;12630000000;0;150000000
2,5E+11;46;2,009E+11;40000000000;1,95E+11
2,5E+11;100;50270000000;0;200000000
2,5E+11;130;11200000000;3000000000;
2,5E+11;140;17500000000;1000000000;0
2,5E+11;250;1,5285E+11;550000000;1,35E+11
2,53E+11;700;1,35E+11;1,1E+11;60000000000
2,555E+11;472;2,38584E+11;15004000256;2,29715E+11
2,56643E+11;1000;20000000000;0;0
2,583E+11;80;2,478E+11;0;2,47E+11
2,6E+11;5;150000000;0;
2,607E+11;250;1,28737E+11;500000000;1,19687E+11
2,62E+11;45;21720000000;0;20112000000
2,64E+11;100;1,972E+11;0;1,9E+11
2,65E+11;65;3684000000;1000000000;
2,68E+11;1200;2,55E+11;18000000000;2,01E+11
2,682E+11;1000;1,807E+11;0;1E+11
2,69266E+11;279;2,20978E+11;4761999872;2,08889E+11
2,7E+11;15;2,016E+11;0;2E+11
2,7E+11;450;2,363E+11;30000000000;2,3E+11
2,70372E+11;679;2,54548E+11;42722000896;2,37279E+11
2,72453E+11;3120;2,14895E+11;1560000000;1,82409E+11
2,75E+11;347;1,782E+11;332000000;1,44E+11
2,75E+11;300;42000000000;10000000000;25000000000
2,76254E+11;1201;2,14433E+11;62438001920;1,79085E+11
2,77937E+11;1048;1,00184E+11;3008999936;86202998784
2,78102E+11;602;2,17737E+11;8940999936;1,93254E+11
2,78995E+11;2559;2,41291E+11;1348000000;2,1054E+11
2,8E+11;273;0;15000000000;0
2,8E+11;300;1,79E+11;2,38E+11;1E+11
2,8294E+11;584;2,33734E+11;15304000000;1,99569E+11
2,84E+11;150;2,67472E+11;3500000000;2,61E+11
2,89E+11;151;1,737E+11;3400000000;1,36E+11
2,89E+11;1000;2,57E+11;6000000000;2,1E+11
2,90547E+11;633;2,64348E+11;10818000128;2,48304E+11
2,9507E+11;241;1,55267E+11;122000000;1,47134E+11
2,957E+11;863;2,6533E+11;0;2,5313E+11
3E+11;210;2,98371E+11;1800000000;2,95083E+11
3E+11;40;6560032000;16000000000;32000
3E+11;488;87500000000;0;22500000000
3E+11;300;2,055E+11;0;2E+11
3E+11;150;3,804E+11;13000000000;2,25E+11
3E+11;12;0;0;
3E+11;170;11400000000;10000000000;0
3E+11;100;0;0;
3E+11;132;2,312E+11;30000000000;80000000000
3E+11;500;1,715E+11;0;1,5E+11
3E+11;115;2,3012E+11;0;1,5E+11
3E+11;800;2,6199E+11;2450000000;2,25E+11
3E+11;110;2,662E+11;0;2,51E+11
3,00008E+11;251;2,11363E+11;12579999744;1,84597E+11
3,009E+11;150;1,003E+11;0;20000000000
3,0182E+11;2517;2,60887E+11;40616998912;2,29658E+11
3,06E+11;600;2,57E+11;0;2E+11
3,06E+11;700;2,633E+11;6460000000;2,14E+11
3,08E+11;85;6000000000;0;
3,1E+11;705;3,199E+11;1770000000;2,329E+11
3,1E+11;240;1,1424E+11;2160000000;60000000000
3,1E+11;730;1,36772E+11;7800000000;90600000000
3,1E+11;774;24000000000;20000000000;
3,126E+11;330;2,64155E+11;0;2,452E+11
3,128E+11;1000;1,705E+11;0;1E+11
3,15822E+11;2337;86440001536;1,33518E+11;44870000640
3,2E+11;2700;2,75E+11;10000000000;1,8E+11
3,2E+11;13;1700000000;0;
3,22723E+11;442;2,49364E+11;0;2,26729E+11
3,23305E+11;405;2,7786E+11;10336999936;2,65699E+11
3,24424E+11;195;2,57976E+11;531000000;2,51143E+11
3,286E+11;800;50900000000;2000000000;0
3,31481E+11;1020;2,31861E+11;1885000000;2,13501E+11
3,32155E+11;450;3,03444E+11;5200000000;2,91594E+11
3,38644E+11;444;3,27625E+11;27000000000;2,66294E+11
3,4E+11;1100;30000000000;10000000000;0
3,4022E+11;1000;2,42765E+11;55107001664;2,254E+11
3,42E+11;63;4090000000;0;
3,49E+11;200;1,973E+11;82000000000;1,8E+11
3,5E+11;350;3,056E+11;30500000000;2,5E+11
3,5E+11;1500;2,851E+11;2E+11;2,45E+11
3,5E+11;321;2,019E+11;35000000000;1,8E+11
3,5E+11;200;0;30000000000;0
3,5E+11;61;30800000000;41000000000;24500000000
3,5E+11;100;2,851E+11;35000000000;2,8E+11
3,5E+11;274;2,755E+11;1,2E+11;2,4E+11
3,51E+11;537;3,28E+11;3400000000;3E+11
3,529E+11;2000;4,806E+11;0;2,8E+11
3,54735E+11;667;2,35906E+11;3144999936;2,24424E+11
3,63E+11;935;3,38E+11;14388000256;2,9E+11
3,64E+11;950;2,27207E+11;30100000768;2,05387E+11
3,65E+11;100;2,715E+11;15000000000;2,5E+11
3,66283E+11;1959;3,15327E+11;3E+11;2,75656E+11
3,7E+11;280;2,47E+11;20000000000;2E+11
3,71893E+11;343;8,44104E+11;13900999680;74905001984
3,792E+11;2300;2,0115E+11;6,42263E+11;1,264E+11
3,8E+11;600;30000000000;5000000000;0
3,827E+11;2000;20350000000;15000000000;0
3,88E+11;5400;1,586E+11;0;14000000000
3,91654E+11;702;3,67238E+11;2040000000;3,48438E+11
3,95924E+11;1466;3,85864E+11;1016000000;3,64471E+11
3,96547E+11;340;2,255E+11;9800000000;1,99E+11
4E+11;85;2,8224E+11;4000000000;2,8E+11
4E+11;490;3,836E+11;5000000000;3,5E+11
4E+11;460;30000000000;0;0
4E+11;130;4440000000;350000000;
4E+11;200;12800000000;0;
4,01E+11;150;2,019E+11;0;2E+11
4,01E+11;80;4700000000;0;
4,079E+11;355;2,43161E+11;6000000000;2,27E+11
4,08E+11;2000;3,63E+11;0;2,3E+11
4,10009E+11;237;3,82541E+11;0;3,78114E+11
4,15171E+11;1800;3,19658E+11;28648999488;2,79678E+11
4,2E+11;100;4,105E+11;10000000000;4E+11
4,26E+11;500;82000000000;9000000000;66000000000
4,26387E+11;1894;3,69449E+11;14079000064;3,48089E+11
4,4E+11;255;35300000000;1,36E+11;3250000000
4,46868E+11;700;3,9393E+11;284000000;3,83596E+11
4,5E+11;300;3,012E+11;16000000000;2,52E+11
4,50746E+11;1020;3,7334E+11;23442999808;3,16408E+11
4,57529E+11;5010;4,22926E+11;11299999744;3,49426E+11
4,59E+11;500;4,34E+11;1000000000;3,6E+11
4,6E+11;210;3,837E+11;30000000000;3,68E+11
4,6E+11;1300;2,34E+11;50000000000;1,84E+11
4,6775E+11;1381;3,65822E+11;2880000000;3,34122E+11
4,7E+11;700;3,854E+11;105000000;2,82E+11
4,71E+11;460;4,583E+11;17000000000;4,29E+11
4,85917E+11;91;3,88922E+11;15000000000;3,88005E+11
4,87E+11;2400;4,2632E+11;5000000000;3,5E+11
4,87299E+11;160;4,43147E+11;1615000000;4,37661E+11
4,95E+11;2800;4,145E+11;17000000000;2,6E+11
4,96E+11;150;4,561E+11;10900000000;4,45E+11
5E+11;784;3,85E+11;30000001024;3,5E+11
5E+11;140;12000000000;2000000000;
5E+11;900;6,21767E+11;1000000000;6,19E+11
5E+11;50;20600000000;0;
5E+11;184;3,0108E+11;0;3E+11
5E+11;250;4,289E+11;5000000000;4E+11
5E+11;400;3,33E+11;0;2E+11
5,002E+11;30;500000000;0;
5,02E+11;400;4,5E+11;0;2E+11
5,03079E+11;887;4,55094E+11;1,07583E+11;4,40644E+11
5,15E+11;1800;35300000000;2,5E+11;
5,2336E+11;3500;3,9E+11;3,612E+11;3,5E+11
5,3516E+11;2406;4,72731E+11;15779000320;4,28351E+11
5,4E+11;3800;4,322E+11;2000000000;3,51E+11
5,4E+11;650;3,44E+11;700000000;3E+11
5,45999E+11;283;2,90371E+11;6209730112;2,64251E+11
5,64E+11;2000;40000000000;1,2E+11;
5,64681E+11;1350;5,42948E+11;16087999488;5,22428E+11
5,70837E+11;547;5,52026E+11;19000000512;5,42765E+11
5,71637E+11;1822;4,22824E+11;1,015E+11;3,82344E+11
5,8E+11;800;1,3101E+11;0;1E+11
5,81715E+11;7320;4,38555E+11;15278000128;3,69952E+11
6E+11;95;7000000000;1200000000;
6E+11;780;4,69E+11;0;3,5E+11
6,1E+11;2329;5,0518E+11;30050000000;5E+11
6,10499E+11;1415;4,88905E+11;54695000064;4,63309E+11
6,2E+11;5000;3,828E+11;44000000000;2,2E+11
6,2E+11;50;1,512E+11;20000000000;
6,23E+11;180;5,949E+11;0;5,86E+11
6,352E+11;25;1950000000;40000000;
6,38E+11;140;5,399E+11;6500000000;5,1E+11
6,5E+11;1000;3,127E+11;2000000000;2,9E+11
6,5E+11;78;4900018000;0;18000
6,6E+11;80;2000000000;0;
6,64E+11;500;4,05E+11;0;3,2E+11
6,66429E+11;2055;5,64921E+11;49432000512;5,19073E+11
6,80429E+11;200;6,18543E+11;42837999104;6,13233E+11
6,9E+11;400;4,162E+11;3000000000;4E+11
6,999E+11;3000;1,2205E+12;0;5E+11
7E+11;120;7480000000;300000000;
7,04E+11;2952;6,479E+11;2,625E+11;5E+11
7,11E+11;800;5,121E+11;1,6671E+11;4,977E+11
7,16964E+11;867;6,69725E+11;1,24191E+12;6,62509E+11
7,2E+11;750;0;0;0
7,32523E+11;711;6,34125E+11;45445001216;6,2052E+11
7,36766E+11;1200;4,50415E+11;7502000256;4,19994E+11
7,48E+11;62;2625000000;2000000000;
7,5E+11;6200;6,784E+11;23000000000;5E+11
7,503E+11;450;7,65678E+11;4200000000;6,968E+11
7,55E+11;150;19900000000;0;
7,553E+11;2000;6,012E+11;0;5E+11
7,61E+11;150;6,281E+11;0;6,16E+11
7,8E+11;750;6,38116E+11;6000000100;6,24E+11
7,81E+11;300;2500000000;1800000000;
7,87262E+11;4604;5,05463E+11;19001999360;3,92376E+11
7,88028E+11;850;7,39144E+11;18609999616;7,20944E+11
8E+11;600;2,46E+11;700000000;2E+11
8E+11;700;6,56E+11;0;6E+11
8E+11;3400;30000000000;10000000000;
8E+11;400;35000000000;30000000000;8000000000
8E+11;970;66006000000;0;0
8E+11;1000;30000000000;20000000000;
8,36E+11;400;8,24E+11;1,16117E+11;7,5E+11
8,4E+11;510;7,727E+11;5000000000;7,3E+11
8,47817E+11;300;30000000000;4000000000;
8,5E+11;170;7,877E+11;15000000000;7,7E+11
8,5E+11;180;13000000000;20000000000;
8,805E+11;450;6,52527E+11;0;6,293E+11
8,834E+11;2602;7,77814E+11;41933999104;7,40206E+11
8,86E+11;3395;6,15E+11;0;5,3E+11
8,97E+11;100;76900000000;20000000000;68900000000
9,021E+11;146;52005000000;28000000000;
9,02997E+11;8323;7,46421E+11;13986999808;5,75869E+11
9,3E+11;200;5,715E+11;20000000000;5,5E+11
9,3E+11;1600;8,91E+11;49000000000;8,1E+11
1,0008E+12;700;2,265E+11;2500000000;2E+11
1,007E+12;330;41379000000;70000000000;9330000000
1,007E+12;200;1E+11;0;0
1,01E+12;167;1,05413E+11;2700000000;
1,01332E+12;4556;8,96808E+11;41297000448;8,48392E+11
1,029E+12;3000;3,01E+11;0;1E+11
1,05E+12;3800;7,98E+11;36100000000;6E+11
1,1E+12;830;6,85E+11;55000000000;6E+11
1,12E+12;2000;3,247E+11;0;3E+11
1,12666E+12;800;1,06223E+12;3714000000;1,03545E+12
1,15314E+12;1800;1,06E+12;1,8325E+11;9,88E+11
1,15374E+12;3718;8,07661E+11;9867000384;7,09506E+11
1,16643E+12;800;9,4256E+11;33400000512;9,1606E+11
1,19421E+12;2524;9,87126E+11;27665000960;9,40139E+11
1,2E+12;811;8,87E+11;40000000000;7,86E+11
1,2E+12;600;1,3212E+12;36000000000;5E+11
1,25E+12;120;5000000000;40000000000;
1,25E+12;600;7,55E+11;45000000000;7E+11
1,26E+12;370;1,0116E+12;16700000000;9,6E+11
1,3E+12;4000;1,032E+12;0;1E+12
1,302E+12;670;7,13E+11;5751000064;6,975E+11
1,353E+12;7200;1,0784E+12;31200000000;7,45E+11
1,4E+12;15000;9E+11;30000000000;4E+11
1,469E+12;2126;7,556E+11;43800000000;5,14E+11
1,632E+12;2000;3,23E+11;0;2,55E+11
1,699E+12;0;0;0;0
1,7E+12;320;80000000000;3,0054E+12;
1,8E+12;450;1,351E+12;0;1,3E+12
1,81784E+12;1200;3,23268E+11;93000000000;1,08613E+11
2E+12;1000;1,592E+12;70000000000;1,5E+12
2,123E+12;1000;2,06635E+12;0;2,04985E+12
2,1397E+12;1385;1,459E+12;2,36E+12;1,177E+12
2,283E+12;115;1,13E+11;0;
2,3E+12;286;1,5234E+12;0;1,5E+12
2,3E+12;320;1,216E+12;2,5E+11;1,2E+12
2,5E+12;9000;2,2471E+11;1,399E+11;1,333E+11
2,564E+12;7000;2,262E+12;0;2,208E+12
2,77673E+12;19047;1,54048E+12;0;1,23907E+12
2,8E+12;3800;1,2E+12;1,68E+12;
2,904E+12;1500;1,5152E+12;1,232E+11;8,712E+11
3,054E+12;7000;3,334E+12;0;2,992E+12
3,77E+12;17000;1,504E+12;50000000000;
4,1E+12;1862;3,10335E+12;1,18E+11;3,05978E+12
6E+12;6000;2,59E+12;3E+11;2E+12
1,18293E+13;220;9,61073E+11;0;11073000448
1,4E+13;17000;2,604E+12;500000000;0
2,2E+13;8000;3,03E+12;0;2E+12
2,819E+13;7000;1,5486E+13;0;1,438E+13
;180;1,81495E+11;0;92479995904
;28;0;0;
;12;280000000;0;
;9;432400008;0;303300000
;40;0;2580000000;
